sample,POS,n_ref,n_alt,REF,ALT,check
200-6,2694170,0,73,A,T,NA
200-6,4335955,0,108,G,A,NA
201-9,1475627,0,77,A,G,NA
201-9,2109290,0,43,T,C,NA
202-10,226642,1,19,T,G,OK
202-10,2383727,0,85,T,C,NA
202-10,3746225,5,103,GA,G,OK
203-11,3545972,0,86,T,C,NA
204-12,1198453,37,38,A,AATGAAATG,NO
204-12,2741229,0,87,T,C,NA
204-12,2925058,0,83,G,A,NA
204-12,3970651,0,98,C,T,NA
205-13,292492,0,73,C,T,NA
206-14,23855,0,85,A,C,NA
209-17,289533,0,61,G,A,NA
210-18,1344866,0,68,G,A,NA
211-19,3681577,0,72,G,A,NA
213-51,2365965,1,88,G,A,NA
214-58,2064238,0,68,A,C,NA
214-58,2439625,0,61,G,A,NA
214-58,4287643,0,86,C,T,NA
215-23,1470138,0,6,C,G,NO
217-25,714456,0,76,C,A,NA
217-25,1121508,0,93,A,G,NA
217-25,1964907,0,58,A,C,NA
218-26,161613,0,98,G,T,NA
211-19,3427350,0,2,T,C,NO
220-28,4044084,2,61,CT,C,OK
222-30,380012,7,28,AG,A,OK
222-30,1644141,0,52,T,G,NA
222-30,3138077,0,61,T,C,NA
223-31,1594727,0,47,A,C,NA
224-41,571,0,80,G,C,NA
224-41,2521360,0,18,A,G,OK
226-35,551806,0,60,C,T,NA
227-36,1213015,0,95,A,T,NA
228-37,212888,0,81,T,C,NA
228-37,3299604,0,58,G,A,NA
229-40,938154,0,61,T,G,NA
229-40,3532284,0,80,G,A,NA
230-42,960164,13,67,T,G,NO
231-43,733974,0,78,A,G,NA
231-43,1030799,0,70,A,C,NA
231-43,1453751,1,48,T,G,NA
231-43,1529991,0,67,G,A,NA
231-43,1837597,0,65,A,G,NA
232-44,1036069,0,110,C,A,NA
232-44,1198453,40,61,AATGAAATG,A,NO
236-49,1934587,0,78,T,C,NA
237-50,2878065,0,2,T,C,NO
237-50,336441,0,81,G,A,NA
237-50,955818,0,50,G,A,NA
238-53,2139064,0,76,T,A,NA
238-53,3366187,0,2,G,T,NO
240-55,1941891,0,68,A,C,NA
242-57,119249,1,65,C,A,NA
242-57,564099,8,65,GA,G,OK
242-57,4168439,0,80,G,A,NA
244-60,4086807,0,71,T,G,NA
245-62,2393358,0,48,A,G,NA
246-63,1035072,0,55,C,A,NA
246-63,2720261,1,74,G,A,NA
248-65,1262303,0,75,C,T,NA
248-65,2880243,0,87,C,T,NA
249-68,1465285,0,79,A,G,NA
249-68,4261350,0,102,A,C,NA
250-71,4036756,0,6,C,A,NO
251-72,3222542,2,45,CT,C,NA
252-73,1386909,0,2,G,GC,NO
252-73,1958432,0,86,T,C,NA
253-74,981143,0,61,C,T,NA
253-74,4166465,2,31,GA,G,OK
255-76,2144783,5,76,C,CA,OK
259-81,2819319,3,75,GT,G,NA
260-82,3869284,0,102,T,C,NA
260-82,4021288,0,99,A,G,NA
262-84,1198436,28,22,A,AAATGAAAT,NO
262-84,1294708,0,48,C,G,OK
262-84,3184484,0,79,A,G,NA
263-85,2934017,0,80,A,T,NA
264-86,807209,0,50,T,G,NA
264-86,1230299,0,75,A,G,NA
264-86,1333848,0,68,G,T,NA
266-90,3258688,5,41,GC,G,OK
267-91,2970344,1,58,T,G,NA
267-91,3615558,0,78,T,A,NA
267-91,3658550,0,96,A,G,NA
268-92,26907,0,86,G,A,NA
269-93,102251,0,77,G,C,NA
269-93,4240352,1,69,G,T,NA
269-93,4259099,0,93,G,A,NA
270-94,528438,0,83,G,T,NA
270-94,4106821,0,93,T,C,NA
271-96,1196220,0,30,C,T,NO
271-96,1196232,0,26,C,T,NO
271-96,1196245,0,17,T,C,NO
271-96,1196247,0,15,A,G,NO
271-96,1196277,0,12,C,T,NO
271-96,1196280,0,8,G,C,NO
271-96,1196283,0,8,A,G,NO
271-96,1196292,0,8,C,T,NO
271-96,1196304,0,5,G,A,NO
271-96,1196316,0,3,T,A,NO
271-96,1646907,0,64,A,T,NA
272-97,2765411,43,26,C,CGCACTATG,NO
273-98,4531194,0,70,C,T,NA
274-99,3528137,0,79,C,T,NA
276-104,2969653,3,77,T,C,OK
278-106,2753255,0,65,G,C,NA
279-107,1636981,5,50,C,T,OK
279-107,1918129,4,43,T,A,OK
279-107,2245042,1,50,C,A,OK
280-109,1078701,0,74,G,C,NA
281-110,2609272,0,55,G,A,NA
281-110,2925173,0,90,A,C,NA
281-110,3525621,0,87,G,A,NA
283-112,1498388,0,48,T,G,NA
283-112,4427289,0,92,T,G,NA
284-113,634913,0,90,G,A,NA
287-116,37246,7,83,A,C,OK
287-116,223974,1,13,G,T,NO
288-117,11606,1,80,G,A,NA
288-117,93487,0,63,A,C,NA
288-117,3964816,0,77,A,G,NA
290-119,324457,0,73,A,C,NA
291-121,1413214,0,86,C,T,NA
291-121,3537363,0,67,T,A,NA
294-124,252040,0,1,C,G,NO
295-125,655345,2,78,A,C,NA
295-125,3687990,0,95,G,T,NA
295-125,3866368,0,109,G,T,NA
296-45,1413095,0,64,T,C,NA
297-127,961706,0,72,T,C,NA
297-127,1583333,0,78,C,A,NA
297-127,1674285,0,62,G,A,NA
298-128,2765411,30,50,CGCACTATG,C,NO
298-128,2966667,0,83,G,A,NA
298-128,3444260,0,99,T,C,NA
299-129,1691448,0,66,G,C,NA
299-129,3492438,0,98,A,C,NA
299-129,3705226,0,85,T,G,NA
299-129,4094415,0,42,T,G,NA
300-130,376020,0,63,T,A,NA
300-130,2102455,0,2,A,C,NO
307-138,4230175,0,114,C,T,NA
310-142,314277,0,89,T,C,NA
310-142,469629,0,68,T,C,NA
310-142,1093599,0,75,A,G,NA
310-142,1495944,0,68,A,G,NA
310-142,1512824,0,58,A,G,NA
310-142,1624349,4,58,AT,A,OK
310-142,1892648,8,65,TACC,T,OK
310-142,1986327,5,83,GA,G,OK
310-142,1987984,1,63,A,G,NA
310-142,2058038,0,70,A,G,NA
310-142,2185868,7,30,T,TG,OK
310-142,2430747,0,76,T,C,NA
310-142,2736643,0,67,T,C,NA
310-142,2855889,0,67,A,T,NA
310-142,2858801,0,73,C,A,NA
310-142,3727209,0,96,T,C,NA
310-142,3787542,0,76,T,C,NA
310-142,4071902,0,62,C,T,NA
310-142,4376941,0,96,A,G,NA
310-142,4465799,0,88,T,C,NA
310-142,4518325,0,94,A,G,NA
310-142,4606086,9,61,AG,A,OK
312-145,1198453,27,48,AATGAAATG,A,NO
312-145,2982983,0,68,G,A,NA
314-147,3944577,0,2,G,T,NO
314-147,3946577,0,60,C,G,OK
318-151,1788154,0,56,T,C,NA
318-151,2209710,0,60,A,T,NA
319-152,4168618,0,48,A,T,NA
325-158,1976803,0,84,A,T,NA
326-160,1260757,1,95,A,C,NA
328-162,3943420,0,23,G,A,OK
328-162,4476818,0,109,C,T,NA
330-100,3487019,0,67,T,C,NA
331-165,3377229,1,79,A,AT,NA
332-166,889561,2,68,GA,G,NA
332-166,2121772,0,81,G,A,NA
333-167,2791836,4,69,TGCGCTG,T,OK
334-168,124441,0,58,G,T,NA
335-101,2984244,0,104,A,G,NA
337-171,384960,0,97,A,G,NA
341-175,63438,0,80,C,G,NA
341-175,1308112,0,48,C,T,NA
343-177,2077118,0,66,G,A,NA
344-178,3338444,7,87,AT,A,OK
346-180,2151059,6,75,GA,G,OK
346-180,3617938,0,66,G,T,NA
346-180,3941631,0,79,A,G,NA
347-181,349097,0,68,A,T,NA
347-181,1607059,6,64,GT,G,OK
349-183,1798565,0,69,G,A,NA
350-184,3956068,0,61,C,T,NA
351-185,2518262,0,66,G,GT,NA
353-187,3672227,0,101,G,T,NA
353-187,4139822,0,65,G,A,NA
354-188,1348057,0,72,T,G,NA
354-188,3820267,1,91,C,T,NA
355-189,3502097,0,71,C,T,NA
356-190,376545,0,58,C,G,NA
357-191,1798565,0,84,G,A,NA
358-192,608506,0,2,A,C,NO
358-192,3528829,0,86,T,G,NA
359-193,3949621,0,86,G,T,NA
359-193,4100690,0,74,C,T,NA
360-194,1182634,0,79,A,G,NA
360-194,1232375,0,60,A,T,NA
362-196,468219,0,83,T,A,NA
362-196,3157755,0,94,T,G,NA
363-197,1421212,0,89,C,A,NA
363-197,4429473,0,90,C,T,NA
365-200,4168938,0,8,GA,G,NO
367-202,1971726,0,64,G,A,NA
368-203,1346747,0,72,C,A,NA
369-204,3797342,0,120,A,C,NA
369-204,3800052,0,136,C,A,NA
369-204,3941551,6,93,C,CA,OK
371-206,228975,0,74,T,G,NA
371-206,1799151,0,115,T,C,NA
371-206,2101533,0,117,A,T,NA
372-207,1278962,0,92,T,C,NA
374-210,443876,0,97,C,G,NA
374-210,1152364,0,76,G,A,NA
374-210,2098233,15,79,TAAATCAATC,T,OK
374-210,2185826,2,50,A,AT,OK
374-210,4197148,0,64,C,T,NA
375-211,2342993,0,82,G,A,NA
375-211,2731451,0,81,T,C,NA
375-211,4050864,0,107,G,T,NA
376-212,3799382,8,90,AT,A,OK
378-214,390111,0,97,T,C,NA
378-214,1212080,12,70,A,AC,OK
378-214,1946177,0,127,A,G,NA
380-216,2253834,0,75,T,A,NA
381-217,4540702,0,104,A,G,NA
383-220,3734002,1,105,G,T,NA
384-33,820184,36,49,TCCAGTATATTCATTGTCTATACCGCTGCTTCTATCG,T,OK
385-108,1313419,0,67,G,T,NA
385-108,3575359,0,89,A,T,NA
386-120,3005075,0,78,A,C,NA
388-133,998522,0,86,C,A,NA
388-133,4312164,0,86,A,G,NA
389-209,2560977,36,36,TGGTGGGTCAAAAGTTGCCGTTAA,T,OK
389-209,2560999,50,14,A,AG,NO
390-38,2422749,0,60,A,G,NA
390-38,2765411,34,32,C,CGCACTATG,NO
339-173,4038402,0,9,T,G,OK
338-172,2818046,0,8,A,G,OK
338-172,2818049,0,8,T,A,OK
263-85,3946620,0,6,A,A,OK
263-85,3946632,0,6,A,AT,OK